name,kitchen,webpage,hidden,music_type,type,address
nouhau салон,Няма,Начало / Изложби / Галерии,TRUE,Няма,"Галерии, музеи, зали","София ул. Георги С. Раковски 201а"
+ това,Няма,"Начало / Изложби / Галерии Начало / Заведения / Кафетерии",FALSE,Няма,"Галерии, музеи, зали","София ул. Марин Дринов 30"
359,Няма,Начало / Изложби / Галерии,FALSE,Няма,"Галерии, музеи, зали","София ул. Галичица 21"
087 Ялта,Няма,Начало / Кино / Kино салони,TRUE,Няма,Кина,"София бул. Цар Освободител 20; подлеза на СУ"
0gms,Няма,Начало / Изложби / Галерии,TRUE,Няма,"Галерии, музеи, зали","София ул. Любен Каравелов 12, ап. 11"
0gms-чекмедже,Няма,Няма,FALSE,Няма,"Галерии, музеи, зали","София бул. Васил Левски, 134"
100 +,Няма,Начало / Изложби / Галерии,TRUE,Няма,"Галерии, музеи, зали","София бул. Дондуков 56"
"100 грама сладки Gelato, eclairs, macarons","френска кухня, италианска,",Начало / Заведения / Сладкарници,TRUE,Няма,Ресторанти,"София ул. Шишман 22"
100 грама сладки LAB,Няма,Начало / Заведения / Сладкарници,FALSE,Няма,Ресторанти,"София кв. Гео Милев, ул.Коста Лулчев 25"
100 грама сладки Ангел Кънчев,"френска кухня, италианска,",Начало / Заведения / Сладкарници,FALSE,Няма,Ресторанти,"София ул. Ангел Кънчев 18А"
100 грама сладки Бизнес парк,"френска кухня, италианска,",Начало / Заведения / Сладкарници,FALSE,Няма,Ресторанти,"София ж.к. Младост 4, бл. 459 срещу вход 1 на Бизнес Парк София"
100 грама сладки Джеймс Баучер,"френска кухня, италианска,",Начало / Заведения / Сладкарници,FALSE,Няма,Ресторанти,"София ул. Джеймс Баучер 114"
100 грама сладки Мол Парк Център,Няма,Начало / Заведения / Сладкарници,FALSE,Няма,Ресторанти,"София бул. Арсеналски 2, ет. 1, Централно фоайе"
100 грама сладки Мол София,"френска кухня, италианска,",Начало / Заведения / Сладкарници,FALSE,Няма,Ресторанти,"София Мол София, бул. Ал. Стамболийски"
100 грама сладки Парадайс,"френска кухня, италианска,",Начало / Заведения / Сладкарници,FALSE,Няма,Ресторанти,"София Мол Пaрадайс, бул. Черни Връх 100"
100 грама сладки Редута,"френска кухня, италианска,",Начало / Заведения / Сладкарници,FALSE,Няма,Ресторанти,"София ул. Марагидик 34"
100 грама сладки Сердика,"френска кухня, италианска,",Начало / Заведения / Сладкарници,FALSE,Няма,Ресторанти,"София Сердика център, бул. Ситняково 48"
100 грама сладки Симеоновско шосе,Няма,Начало / Заведения / Сладкарници,FALSE,Няма,Ресторанти,"София бул. Симеоновско шосе 110"
100 грама сладки Шипка,Няма,Начало / Заведения / Сладкарници,FALSE,Няма,Ресторанти,"София ул. Шипка 12"
11 август,Няма,Начало / Изложби / Галерии,FALSE,Няма,"Галерии, музеи, зали","София ул. 11 август 10"
120 ОУ Г. С. Раковски,Няма,Начало / Слово / Други места,FALSE,Няма,Други места,"София пл. Папа Йоан Павел II 7"
150 Before & After,Няма,Начало / Заведения / Ресторанти,FALSE,Няма,Ресторанти,"София бул. Цариградско шосе 47А (откъм ул. Николай Ракитин)"
1516,Няма,Начало / Заведения / Бирарии,FALSE,Няма,Ресторанти,"София ул. Цар Асен 2А"
163 ОУ Черноризец Храбър,Няма,Начало / Слово / Други места,FALSE,Няма,Други места,"София ж.к. Дружба 2, 3 част"
20 30 Brasserie,"интернационална,",Начало / Заведения / Ресторанти,TRUE,Няма,Ресторанти,"София ул. Банат 1"
20:19,Няма,Начало / Слово / Културни центрове,FALSE,Няма,"Галерии, музеи, зали","София ул. Шандор Петьофи 55"
23 СОУ Фредерик Жолио Кюри,Няма,Начало / Слово / Други места,FALSE,Няма,Други места,
2night Double Piano Fashion Club & Karaoke,Няма,Начало / Заведения / Kлубове,TRUE,"рок, поп, ретро,",Клубове и барове,"София 1407 кв. Лозенец, бул. Черни връх 47"
33 Gastronauts,"средиземноморска, европейска, френска кухня, италианска, гръцка кухня,",Начало / Заведения / Ресторанти,FALSE,Няма,Ресторанти,"София 1504 ул. Професор Асен Златаров 14"
365,Няма,Начало / Заведения / Kлубове,TRUE,Няма,Клубове и барове,"София ул. Шипка 1"
3D Cinema (Москва),Няма,Начало / Кино / Kино салони,TRUE,Няма,Кина,"София ул. Алабин 52"
4км Party Center,Няма,Начало / Заведения / Kлубове,TRUE,Няма,Клубове и барове,"София бул. Цариградско шосе 111"
5 Open Art Space,Няма,Начало / Изложби / Галерии,TRUE,Няма,"Галерии, музеи, зали","София бул. Христо Ботев 1A"
5L,Няма,Начало / Заведения / Kлубове,FALSE,Няма,Клубове и барове,"София ул. Цар Шишман 15"
5th Avenue,Няма,Начало / Заведения / Ресторанти,TRUE,Няма,Ресторанти,"София ул. Раковски 174"
6 ОУ Граф Игнатиев,Няма,Начало / Слово / Други места,FALSE,Няма,Други места,"София ул. 6ти септември 16"
65 светулки,Няма,Начало / Заведения / Kлубове,FALSE,Няма,Клубове и барове,"София ул. Солунска 65"
73 СОУ Владислав Граматик,Няма,Начало / Слово / Други места,FALSE,Няма,Други места,"София ж.к. Гоце Делчев, ул. Георги Измерлиев 2"
9 Френска езикова гимназия Алфонс дьо Ламартин,Няма,Начало / Слово / Други места,FALSE,Няма,Други места,
9-те дракона,Няма,Начало / Заведения / Ресторанти,TRUE,Няма,Ресторанти,"София бул. Цар Освободител 8А"
a cube,Няма,Начало / Изложби / Галерии,FALSE,Няма,"Галерии, музеи, зали","София ул. Любен Каравелов 9"
A&B Gallery,Няма,Начало / Изложби / Галерии,FALSE,Няма,"Галерии, музеи, зали","София ул. Цар Асен 45"
Account Bar&Dinner,Няма,Начало / Заведения / Bar & Diner,FALSE,Няма,Клубове и барове,"София ул. Акад. Жак Натан 11"
Adagio,Няма,Начало / Заведения / Сладкарници,FALSE,Няма,Ресторанти,"София кв. Изгрев, ул. Елемаг 26"
Adi's Cook & Book,Няма,Начало / Заведения / Ресторанти,FALSE,Няма,Ресторанти,"София ул. Будапеща 31"
ADS,Няма,Начало / Изложби / Галерии,TRUE,Няма,"Галерии, музеи, зали","София ул. Стара планина 1"
Adventure Net,Няма,Няма,FALSE,Няма,В движение,"София ул. Марагидик 10-12"
Affinity,Няма,Начало / Заведения / Kлубове,FALSE,Няма,Клубове и барове,"София ул. Дамян Груев 38"
Afreddo 1,Няма,Начало / Заведения / Сладкарници,FALSE,Няма,Ресторанти,"София бул.Витоша 12"
Afreddo 2,Няма,Начало / Заведения / Сладкарници,FALSE,Няма,Ресторанти,"София бул. Цариградско шосе 115, The Mall"
After 10 Piano Bar,Няма,Начало / Заведения / Kлубове,FALSE,Няма,Клубове и барове,"София бул.България 83 (х-л Феста)"
AiR.Space,Няма,Начало / Слово / Други места,FALSE,Няма,Други места,"София ул. Бенковски 27, вх. Б, ап. 17"
Al Dente,"италианска,",Начало / Заведения / Пицарии,FALSE,"джаз,",Ресторанти,"София кв. Хиподрума, бл. 11"
Alcohol,Няма,Начало / Заведения / Kлубове,FALSE,Няма,Клубове и барове,"София площад Петко Р. Славейков 4"
Ale House,"интернационална,",Начало / Заведения / Бирарии,FALSE,"джаз, рок,",Ресторанти,"София ул. Хр. Белчев 42"
Alegre,Няма,Начало / Заведения / Ресторанти,FALSE,Няма,Ресторанти,"София ул. Христо Белчев 29Б"
aLFIANI Art Dealership and Gallery,Няма,Начало / Изложби / Галерии,FALSE,Няма,"Галерии, музеи, зали","София ул. Веслец 45"
All U Re Boutique,Няма,Начало / Слово / Други места,FALSE,Няма,Други места,"София ул. Съборна 9"
Amarte,Няма,Начало / Изложби / Галерии,FALSE,Няма,"Галерии, музеи, зали","София 1202 ул. Дунав 57"
Amba,Няма,Начало / Заведения / Ресторанти,FALSE,Няма,Ресторанти,"София ъгъла на ул. Княжевска 68 и ул. Миле Попйорданов"
Amici Miei Club,Няма,"Начало / Заведения / Kлубове Начало / Заведения / Bar & Play",TRUE,"ретро, house,",Клубове и барове,"София ул. Христо Белчев 46"
Amok,Няма,Начало / Заведения / Kлубове,FALSE,Няма,Клубове и барове,"София ул. Хан Аспарух 37"
Amor Mio,Няма,Начало / Заведения / Сладкарници,FALSE,Няма,Ресторанти,"София ул. Иван Денкоглу 36"
Ananda,Няма,Начало / Заведения / Сладкарници,FALSE,Няма,Ресторанти,"София ул. Феликс Каниц 14-16"
Anel,Няма,Начало / Заведения / Ресторанти,FALSE,Няма,Ресторанти,"София бул. Тодор Александров 14"
Annette,"арабска,",Начало / Заведения / Ресторанти,FALSE,"етно,",Ресторанти,"София ул. Ангел Кънчев 27"
Anormal,Няма,Начало / Заведения / Kлубове,FALSE,Няма,Клубове и барове,"София ул. Поп Богомил 23"
Antrakt,Няма,Начало / Заведения / Kлубове,FALSE,Няма,Клубове и барове,"София бул. Княгиня Мария Луиза 17"
Apero Bar,Няма,Начало / Заведения / Kлубове,FALSE,Няма,Клубове и барове,"София бул. Андрей Сахаров 14"
Arbū Crème Café,Няма,Начало / Заведения / Кафетерии,TRUE,Няма,Ресторанти,"София ул. Ангел Кънчев 8"
ARC Projects,Няма,Начало / Изложби / Галерии,TRUE,Няма,"Галерии, музеи, зали","София бул. Витоша 90, етаж 4"
ArCollection,Няма,Начало / Изложби / Галерии,TRUE,Няма,"Галерии, музеи, зали","София ул. Московска 11"
Arena Deluxe Bulgaria Mall,Няма,Начало / Кино / Kино салони,FALSE,Няма,Кина,"София бул. България 69, в Bulgaria Mall"
Arena di Serdika Residence Hotel,Няма,Начало / Изложби / Галерии,TRUE,Няма,"Галерии, музеи, зали","София ул. Будапеща 2-4"
Arena Mladost,Няма,Начало / Кино / Kино салони,FALSE,Няма,Кина,"София кв. Младост 4, Бизнес парк (до Технополис)"
Arena Mladost Sofia IMAX,Няма,Начало / Кино / Kино салони,FALSE,Няма,Кина,"София кв. Младост 4, Бизнес парк (до Технополис)"
Arena The Mall,Няма,Начало / Кино / Kино салони,FALSE,Няма,Кина,"София бул. Цариградко шосе 115 (в търговски център The Mall)"
Arena Zapad,Няма,Начало / Кино / Kино салони,FALSE,Няма,Кина,"София ж.к. Илинден, бул. Тодор Александров 64, до метростанция Вардар"
Art Box,Няма,Начало / Изложби / Галерии,FALSE,Няма,"Галерии, музеи, зали","София ул. Мальовица 3"
Art Box Академия,Няма,Начало / Изложби / Галерии,FALSE,Няма,"Галерии, музеи, зали","София бул. Витоша 18"
Art Bubble,Няма,Начало / Изложби / Галерии,FALSE,Няма,"Галерии, музеи, зали","София ул. Христо Белчев 43"
Art Club Museum,"европейска,",Начало / Заведения / Ресторанти,FALSE,Няма,Клубове и барове,"София ул. Съборна 2"
Art Eternal,Няма,Начало / Изложби / Галерии,TRUE,Няма,"Галерии, музеи, зали","София ул. Димитър Моллов 28Б"
Art Gallery Pentimento,Няма,Начало / Изложби / Галерии,FALSE,Няма,"Галерии, музеи, зали","София ул. Гладстон 8"
Art Gallery Sofin,Няма,Начало / Изложби / Галерии,FALSE,Няма,"Галерии, музеи, зали","София бул. Патриарх Евтимий 31"
Art Hostel,Няма,Начало / Слово / Други места,FALSE,Няма,Други места,"София ул. Ангел Кънчев 21 А"
Art Semester Karoll,Няма,Начало / Изложби / Галерии,FALSE,Няма,"Галерии, музеи, зали","София 1164 ул. Златовръх 1"
Art Shop Paris – Магазинче за изкуство,Няма,Начало / Изложби / Галерии,TRUE,Няма,"Галерии, музеи, зали","София ул. Лайош Кошут 10, вход откъм ул. 20-и април"
Art-Hostel Usually we spend our time in the garden,Няма,"Начало / Изложби / Галерии Начало / Слово / Културни центрове",TRUE,Няма,"Галерии, музеи, зали","София ул. Ангел Кънчев 21А"
ARTarea,Няма,"Начало / Заведения / Kлубове Начало / Заведения / Bar & Play",TRUE,Няма,Клубове и барове,"София Г. С. Раковски 112"
Artes,Няма,Начало / Заведения / Бързо хранене,FALSE,Няма,Ресторанти,"София ул. Монтевидео 22 (в НБУ)"
Artistico,Няма,Начало / Изложби / Галерии,TRUE,Няма,"Галерии, музеи, зали","София ул Проф. Александър Фол 2"
Asia To Go,"японска, суши,",Начало / Заведения / Бързо хранене,TRUE,Няма,Ресторанти,"София ул. Сан Стефано 4А"
Atelier Wine & Food,Няма,Начало / Заведения / Ресторанти,FALSE,Няма,Ресторанти,"София ул. Проф. Асен Златаров 16"
Atera Print & Gallery,Няма,Начало / Изложби / Галерии,FALSE,Няма,"Галерии, музеи, зали","София бул. България 60В"
Aubergine Restaurant,"интернационална,",Начало / Заведения / Ресторанти,FALSE,Няма,Ресторанти,"София ул. Карнеги 11"
Avanti,Няма,Начало / Заведения / Пицарии,FALSE,Няма,Ресторанти,"София ж.к. Младост 1, до бл. 77"
Azza Gallery – галерия за модерно изкуство,Няма,Начало / Изложби / Галерии,FALSE,Няма,"Галерии, музеи, зали","София ул. Локорска 1 (срещу последната спирка на трамвай 18)"
A`Tuin,Няма,"Начало / Изложби / Галерии Начало / Заведения / Ресторанти",TRUE,Няма,Ресторанти,"София бул. Цариградско шосе 115, The Mall"
Back Ground,Няма,Начало / Заведения / Ресторанти,FALSE,Няма,Ресторанти,"София бул. Витоша 14"
Bar & Dinner Pablo,Няма,Начало / Заведения / Кафетерии,FALSE,Няма,Ресторанти,"София ул. Червена стена 58"
Bar & Terrace Twins,Няма,Начало / Заведения / Kлубове,TRUE,"джаз, рок, поп, chillout,",Клубове и барове,"София пл. България 1, НДК Запад, ет.2"
Bar 75,Няма,Начало / Заведения / Kлубове,FALSE,Няма,Клубове и барове,"София бул. Васил Левски 75"
Bar 75 Витошка,Няма,Начало / Заведения / Кафетерии,FALSE,Няма,Клубове и барове,"София бул. Витоша 75"
Bar Backyard,Няма,Начало / Заведения / Kлубове,FALSE,Няма,Клубове и барове,"София ул. Цар Шишман 22"
Bar Dak,Няма,Начало / Заведения / Kлубове,FALSE,Няма,Клубове и барове,"София Московска 3А"
Bar De Phazz,Няма,Начало / Заведения / Kлубове,FALSE,Няма,Клубове и барове,"София Райко Даскалов 3"
Bar Escobar,Няма,Начало / Заведения / Kлубове,FALSE,Няма,Клубове и барове,"София бул. Васил Левски 3"
Bar Time,Няма,Начало / Заведения / Kлубове,FALSE,Няма,Клубове и барове,"София ул. Цар Асен 62"
Bar ZAR,Няма,Начало / Заведения / Kлубове,FALSE,Няма,Клубове и барове,"София ул. Цар Самуил 50 (в безистена)"
Barbados,"средиземноморска, българска,",Начало / Заведения / Ресторанти,FALSE,Няма,Ресторанти,"София бул. Тотлебен 34А"
Barbarossa - Osteria di Sofia,"средиземноморска, италианска,",Начало / Заведения / Ресторанти,FALSE,Няма,Ресторанти,"София бул. Никола Вапцаров 25А"
Bare Hands Society,Няма,Начало / Слово / Други места,FALSE,Няма,Други места,"София ул. Ген. Йосиф В. Гурко 27"
Bare Hands Society,Няма,Начало / Слово / Други места,TRUE,Няма,"Галерии, музеи, зали","София ул. Ген. Йосиф В. Гурко 27"
BarFly,Няма,Начало / Заведения / Bar & Diner,FALSE,Няма,Клубове и барове,"София ул. Алабин 50 А, ет. 1"
Barry,"италианска,",Начало / Заведения / Пицарии,FALSE,Няма,Ресторанти,"София ул. Искър 33"
Bash Bar,Няма,Начало / Заведения / Kлубове,FALSE,Няма,Клубове и барове,"София ул. Иван Асен II 31"
Basilico,Няма,"Начало / Заведения / Ресторанти Начало / Заведения / Bar & Diner",FALSE,Няма,Ресторанти,"София ул. Антон П. Чехов 40"
Baskerville,Няма,Начало / Заведения / Kлубове,FALSE,Няма,Клубове и барове,"София ул. Денкоглу 16"
Beach Bar,Няма,Начало / Заведения / Kлубове,TRUE,Няма,Клубове и барове,"София ул. Раковски 106"
Bedroom,Няма,"Начало / Заведения / Kлубове Начало / Заведения / Bar & Diner",FALSE,Няма,Клубове и барове,"София ул. Леге 2"
BeerBox,Няма,Начало / Заведения / Ресторанти,FALSE,Няма,Клубове и барове,"София Александър Малинов 38, Младост 1"
Before & After,"интернационална,",Начало / Заведения / Ресторанти,FALSE,Няма,Ресторанти,"София ул. Христо Белчев 12"
Bellissimo,Няма,"Начало / Заведения / Kлубове Начало / Заведения / Bar & Diner",FALSE,Няма,Клубове и барове,"София ул. Шипка 46"
BenchMark Business Center,Няма,Начало / Слово / Други места,FALSE,Няма,Други места,"София бул. Цариградско шосе, срещу хипермаркет Metro"
Berlin,Няма,Начало / Заведения / Ресторанти,FALSE,Няма,Ресторанти,"София кв. Бояна, ул. Цветна 6"
Beso,Няма,Начало / Заведения / Bar & Diner,FALSE,Няма,Клубове и барове,"София бул. Тодор Каблешков 1"
Best Western Plus Сити хотел,Няма,Начало / Слово / Други места,FALSE,Няма,Други места,
Best Western Premier Thracia Hotel,Няма,Начало / Слово / Други места,FALSE,Няма,Други места,"София ул. Солунска 30"
Betahaus,Няма,Начало / Слово / Други места,FALSE,Няма,Други места,"София ул. Крум Попов 56-58"
Bicycle,Няма,Начало / Заведения / Kлубове,TRUE,Няма,Клубове и барове,"София бул. Витоша 46"
Big Fellow,Няма,Начало / Заведения / Бирарии,FALSE,Няма,Клубове и барове,"София Студентски град, бл. 58"
BiraBar,Няма,Начало / Заведения / Бирарии,FALSE,Няма,Клубове и барове,"София Париж 8"
Bisou,Няма,Начало / Заведения / Kлубове,FALSE,Няма,Клубове и барове,"София бул. Витоша 52"
Bitburger,"интернационална,",Начало / Заведения / Ресторанти,FALSE,Няма,Ресторанти,"София ул. Стефан Караджа 20"
Black Box,Няма,Начало / Заведения / Kлубове,TRUE,Няма,Клубове и барове,"София ул. Пиротска 5"
Black Label Whisky Bar,Няма,Начало / Заведения / Kлубове,FALSE,"chillout,",Клубове и барове,"София бул. Цар Освободител 7"
Blender,Няма,Начало / Заведения / Kлубове,TRUE,"диско, house,",Клубове и барове,"София бул. България 1, НДК, подлез с фонтаните"
Blue Moon Thai Restaurant,Няма,Начало / Заведения / Ресторанти,TRUE,Няма,Ресторанти,"София ул. Г.С. Раковски 127"
"Blue Raincoat, Северна Ирландия",Няма,Начало / Сцена / Гостуващи театри,TRUE,Няма,Театри,
Bocconcino,Няма,Начало / Заведения / Ресторанти,TRUE,Няма,Ресторанти,"София ул. Ангел Кънчев 8"
Bold,Няма,Начало / Изложби / Галерии,FALSE,Няма,"Галерии, музеи, зали","София Христо Смирненски 58"
Boom! Burgers & Booze,Няма,"Начало / Заведения / Ресторанти Начало / Заведения / Bar & Diner",FALSE,Няма,Ресторанти,"София Цар Освободител 12"
Boom! Burgers & Steaks,Няма,Начало / Заведения / Ресторанти,FALSE,Няма,Ресторанти,"София ул. Кърниградска 15"
Boulderland,Няма,Начало / Слово / Други места,FALSE,Няма,Други места,"София бул. Черни връх 100 (Парадайс център)"
Boutique Café Elegance,Няма,Начало / Заведения / Ресторанти,FALSE,Няма,Ресторанти,"София бул. Витоша 85"
Boutique Lounge Bar,Няма,Начало / Заведения / Bar & Diner,FALSE,"lounge,",Клубове и барове,"София бул. Витоша 18"
Brasserie,Няма,Начало / Заведения / Ресторанти,FALSE,Няма,Ресторанти,"София бул. Александър Малинов 111, Хотел Holiday Inn Sofia"
Brasserie,"европейска,",Начало / Заведения / Ресторанти,TRUE,Няма,Ресторанти,"София ул. Райко Даскалов 3"
Brasserie Deja Vu,"интернационална,",Начало / Заведения / Ресторанти,TRUE,Няма,Ресторанти,"София ул. Аксаков 15А"
Brave Creation,Няма,Начало / Слово / Други места,FALSE,Няма,Други места,"София Хан Крум 4"
Brave Moustache,Няма,Начало / Изложби / Галерии,TRUE,Няма,"Галерии, музеи, зали","София Г.С.Раковски 122Б (вход откъм Хан Крум)"
Bridge Bar,Няма,Начало / Заведения / Bar & Play,TRUE,Няма,Клубове и барове,"София бул. България 2"
BUD.KO,Няма,Начало / Слово / Други места,FALSE,Няма,Други места,"София ул. Стара Планина 5"
Bulgaria Mall,Няма,Начало / Слово / Други места,FALSE,Няма,Други места,"София бул. България 69"
Burj,Няма,Начало / Заведения / Ресторанти,TRUE,Няма,Ресторанти,"София ж.к. Хиподрума, бул. Акад. Иван Евстатиев Гешов 44, ет. 2"
By The Way,Няма,Начало / Заведения / Kлубове,FALSE,Няма,Клубове и барове,"София ул. Георги С. Раковски 166"
Cabaret,Няма,Начало / Заведения / Kлубове,FALSE,Няма,Клубове и барове,"София ул. Христо Белчев 12"
Cabra,Няма,Начало / Заведения / Ресторанти,FALSE,Няма,Ресторанти,"София ул. Оборище 18"
Caché,Няма,Начало / Заведения / Bar & Diner,FALSE,"house,",Клубове и барове,"София бул. Арсеналски 2"
Cactus 1,Няма,Начало / Заведения / Ресторанти,FALSE,Няма,Ресторанти,"София ул. Христо Белчев 20"
Cactus 2,Няма,Начало / Заведения / Ресторанти,FALSE,Няма,Ресторанти,"София пл. Папа Йоан Павел ІІ 2, ул. Милин Камък"
Café London,Няма,Начало / Заведения / Кафетерии,FALSE,Няма,Ресторанти,"София бул. Г.М.Димитров 16А"
Café Sofia,Няма,Начало / Заведения / Кафетерии,FALSE,Няма,Ресторанти,"София бул. Витоша 17"
Cafe Wien,"европейска,",Начало / Заведения / Сладкарници,FALSE,"класическа ,",Ресторанти,"София ул. Московска 29"
Cakey Bakey,Няма,Начало / Заведения / Сладкарници,FALSE,Няма,Ресторанти,"София ул. Искър 36"
Caldo уиски бар,Няма,Начало / Заведения / Kлубове,FALSE,Няма,Клубове и барове,"София ул. Раковски 125"
Camay Beach,Няма,Няма,FALSE,Няма,В движение,
Camino Piano Bar,Няма,Начало / Заведения / Kлубове,FALSE,"джаз, ретро,",Клубове и барове,"София ул. Неофит Рилски 70"
Camino Whiskey Bar & Dinner,"фюжън, средиземноморска, италианска,",Начало / Заведения / Bar & Diner,FALSE,"джаз, италианска ,",Ресторанти,"София ул. Неофит Рилски 70"
Canta Napoli,Няма,Начало / Заведения / Ресторанти,TRUE,Няма,Ресторанти,"София ул. Враня 26"
Capasca Магазин,Няма,Начало / Слово / Други места,FALSE,Няма,Други места,"София бул. Витоша 80"
Cargo,Няма,Начало / Заведения / Kлубове,FALSE,Няма,Клубове и барове,"София ул. Съборна 11"
Carrera Club,Няма,Начало / Заведения / Bar & Diner,FALSE,Няма,Клубове и барове,"София ул. Верила 5"
Carrera Club - VIP Room,Няма,Начало / Заведения / Kлубове,TRUE,Няма,Клубове и барове,"София ул. Верила 5"
Carrusel Club,Няма,Начало / Заведения / Kлубове,FALSE,Няма,Клубове и барове,"София ул. Георги Раковски 108"
"CARVE Ski, Board & Bar",Няма,Начало / Заведения / Bar & Play,FALSE,Няма,Клубове и барове,"София ул. Коста Лулчев 52 (отдясно на Sky City Mall)"
Casa de Cuba,Няма,Начало / Заведения / Kлубове,FALSE,"латино,",Клубове и барове,"София ул. Цветна градина 1"
Casa Domingo,Няма,Начало / Заведения / Ресторанти,FALSE,Няма,Ресторанти,"София ул. Ивац Войвода 2"
Casa Mia,Няма,Начало / Заведения / Пицарии,FALSE,Няма,Ресторанти,"София ж.к. Изгрев, ул. Жолио Кюри 86"
Casa Pizza,"европейска,",Начало / Заведения / Пицарии,FALSE,Няма,Ресторанти,"София ул. Майор Горталов 1"
CDD Creative Atelier,Няма,Начало / Слово / Други места,FALSE,Няма,Други места,"София бул. България 88"
Century Snooker & Billiard Club,"европейска,",Начало / Заведения / Bar & Play,FALSE,"джаз, house, chillout,",В движение,"София бул. Сливница 186"
Checkpoint Charly,"вегетарианска, европейска, интернационална, българска,",Начало / Заведения / Ресторанти,FALSE,"джаз,",Ресторанти,"София ул. Иван Вазов 12"
Cheerleaders Sports Bar & Grill,Няма,Начало / Заведения / Bar & Diner,FALSE,Няма,Клубове и барове,"София Мария Луиза 2 (Цум партер)"
Chez Fefe macarons & cafe Бутик Солунска,Няма,Начало / Заведения / Сладкарници,FALSE,Няма,Други места,"София ул. Солунска 12"
Chez Fefe macarons & cafe Киоск The Mall,Няма,Начало / Заведения / Сладкарници,FALSE,Няма,Ресторанти,"София бул. Цариградско шосе 115A, The Mall, ниво 2"
Chez Fefe macarons & cafe Киоск Сердика Център,Няма,Начало / Заведения / Сладкарници,TRUE,Няма,Ресторанти,"София бул. Ситняково 48, Сердика Център, ниво 1"
Chicago piano bar,Няма,Начало / Заведения / Kлубове,FALSE,"джаз, поп,",Клубове и барове,"София бул. Дондуков 9"
Chillout Cafe,Няма,"Начало / Заведения / Kлубове Начало / Заведения / Bar & Diner",FALSE,"chillout,",Клубове и барове,"София ул. Баба Неделя 6, зад пилоните на НДК"
Chocolate lounge,Няма,Начало / Заведения / Kлубове,TRUE,Няма,Клубове и барове,"София ул. Георги Сава Раковски 193"
Chocolaterie Amelie,Няма,"Начало / Заведения / Сладкарници Начало / Заведения / Кафетерии",FALSE,Няма,Ресторанти,"София ул. Сан Стефано 15"
Chucky's Coffee & Ride,Няма,Начало / Заведения / Кафетерии,FALSE,Няма,Клубове и барове,"София ул. 20-ти април 13"
Chucky's Coffee House,Няма,Начало / Заведения / Кафетерии,FALSE,Няма,Клубове и барове,"София Христо Белчев 29"
Chucky's Coffee Store,Няма,Начало / Заведения / Кафетерии,FALSE,Няма,Клубове и барове,"София ул. Казбек 61"
Ciccione,"средиземноморска, италианска,","Начало / Заведения / Бързо хранене Начало / Заведения / Bar & Diner",FALSE,Няма,Клубове и барове,"София ул. Ген. Йосиф В. Гурко 9"
Ciccione Panini Bar&Bakery,Няма,Начало / Заведения / Бързо хранене,FALSE,Няма,Ресторанти,"София бул. Ген. Йосиф В.Гурко 9"
Ciccione Panini Bar&Bakery 1,"италианска,",Начало / Заведения / Бързо хранене,FALSE,"джаз, италианска ,",Ресторанти,"София ул. Христо Белчев 6"
Ciccione Panini Bar&Bakery 2,Няма,Начало / Заведения / Бързо хранене,FALSE,Няма,Ресторанти,"София Бизнес парк, Сграда 10"
Cine Grand Park Center,Няма,Начало / Кино / Kино салони,FALSE,Няма,Кина,"София бул. Арсеналски 2 (City Center Sofia, етаж 2 )"
Cine Grand Sofia Ring Mall,Няма,Начало / Кино / Kино салони,FALSE,Няма,Кина,"София Sofia Ring Mall, бул. Околовръстен път 214, етаж 2"
Cinecitta Osteria Italiana,"италианска,",Начало / Заведения / Ресторанти,FALSE,Няма,Ресторанти,"София кв. Бояна, ул. Кумата 75"
Cinema City Paradise,Няма,Начало / Кино / Kино салони,FALSE,Няма,Кина,"София бул. Черни връх 100, в сградата на Paradise Center"
Cinema City Paradise 4DX,Няма,Начало / Кино / Kино салони,FALSE,Няма,Кина,"София бул. Черни връх 100, в сградата на Paradise Center"
Cinema City Sofia,Няма,Начало / Кино / Kино салони,FALSE,Няма,Кина,"София Мол София, бул. Ал. Стамболийски 101"
Cinema City Sofia IMAX,Няма,Начало / Кино / Kино салони,FALSE,Няма,Кина,"София Мол София, бул. Ал. Стамболийски 101"
City,Няма,Начало / Изложби / Галерии,TRUE,Няма,"Галерии, музеи, зали","София ул. Франсис де Пресансе 12"
City Center Sofia,Няма,Начало / Слово / Други места,FALSE,Няма,Други места,"София 1421 бул. Арсеналски 2"
City Stage,Няма,Начало / Заведения / Kлубове,FALSE,Няма,Клубове и барове,"София пл. България 1, в подлеза до бул. Витоша"
Claire Cafe,Няма,"Начало / Заведения / Сладкарници Начало / Заведения / Кафетерии",FALSE,Няма,Ресторанти,"София бул. Витоша 139"
Classic,"интернационална,",Начало / Заведения / Пицарии,FALSE,Няма,Ресторанти,"София ул. Сердика 14"
Club Camay Fusion,Няма,Начало / Заведения / Kлубове,FALSE,Няма,Клубове и барове,"София кв. Слатина, ул. Слатинска 1"
Club Melo,Няма,"Начало / Заведения / Kлубове Начало / Заведения / Bar & Play",FALSE,Няма,Клубове и барове,"София ул. Малко Търново 2"
CO-CO Sweet and More,Няма,Начало / Заведения / Сладкарници,FALSE,Няма,Ресторанти,"София ул. Генерал Йосиф В. Гурко 44"
Cocorico,Няма,Начало / Заведения / Кафетерии,FALSE,Няма,Ресторанти,"София кв. Павлово, ул. Генерал Суворов 117"
Coda,Няма,Начало / Заведения / Kлубове,FALSE,Няма,Клубове и барове,"София ул. Лавеле 19"
Coffe Place,Няма,Начало / Заведения / Кафетерии,FALSE,Няма,Ресторанти,ул. Гургулят 27
Coffee House,"вегетарианска,",Начало / Заведения / Кафетерии,FALSE,Няма,Ресторанти,"София 6-ти септември 1"
"Com?die-Fran?aise, Париж",Няма,Начало / Сцена / Гостуващи театри,TRUE,Няма,Театри,
Commanda Camp,Няма,Начало / Слово / Други места,FALSE,Няма,Други места,"София ул. Славянска 7"
Communication room,Няма,Начало / Изложби / Галерии,FALSE,Няма,"Галерии, музеи, зали","София ул. Константин Стоилов 2"
Concept,"фюжън, средиземноморска, европейска,",Начало / Заведения / Ресторанти,TRUE,Няма,Ресторанти,"София ул. Иван Вазов 12"
Contigo,Няма,Начало / Заведения / Kлубове,FALSE,Няма,Клубове и барове,"София 1000 бул. Мария Луиза 47"
Continental Plaza,Няма,Начало / Заведения / Ресторанти,FALSE,Няма,Ресторанти,"София бул. България 1, НДК"
Corso,Няма,Начало / Заведения / Ресторанти,FALSE,Няма,Ресторанти,"София бул. Цар Освободител 10 (срещу Руската църква)"
Cosmo,Няма,Начало / Заведения / Kлубове,FALSE,"house, chillout,",Клубове и барове,"София ул. Позитано 8"
cosmos coworking camp,Няма,"Начало / Слово / Други места Начало / Заведения / Кафетерии Начало / Заведения / Bar & Play",FALSE,Няма,Други места,"София ул. Ангел Кънчев 3"
Costa Coffee 1,Няма,Начало / Заведения / Кафетерии,FALSE,Няма,Ресторанти,"София ул. Александър Батенберг 10Б"
Costa Coffee 2,Няма,Начало / Заведения / Кафетерии,FALSE,Няма,Ресторанти,"София City Center Sofia, ет. 1"
Craft,Няма,Начало / Заведения / Bar & Diner,FALSE,Няма,Клубове и барове,"София Цар Асен 53"
Creative Hall,Няма,Начало / Слово / Други места,FALSE,Няма,Други места,"София Ул. Тинтява 122"
Creative Inside,Няма,Начало / Изложби / Галерии,TRUE,Няма,"Галерии, музеи, зали","София ул. Цар Шишман 12, етаж 2"
Credo Bonum,Няма,Начало / Изложби / Галерии,FALSE,Няма,"Галерии, музеи, зали","София ул. Славянска 2"
Cross the Line,Няма,Няма,FALSE,Няма,В движение,"София ул. Цар Самуил 38"
CRU,Няма,Начало / Заведения / Ресторанти,TRUE,Няма,Ресторанти,"София ул. Цар Асен 45"
Crudo,Няма,Начало / Заведения / Бързо хранене,FALSE,Няма,Ресторанти,"София Шести септември 33"
Crystal Palace,Няма,Начало / Заведения / Ресторанти,FALSE,Няма,Ресторанти,"София ул. Шипка 14"
Culture Beat,Няма,Начало / Заведения / Kлубове,FALSE,Няма,Клубове и барове,"София пл. България 1, в сградата на НДК"
Cush.Bar,Няма,Начало / Заведения / Кафетерии,FALSE,Няма,Клубове и барове,"София Екзарх Йосиф 37"
D Lounge,Няма,Начало / Заведения / Bar & Diner,FALSE,Няма,Ресторанти,"София бул. Цар Освободител 31"
Da House,"европейска,",Начало / Заведения / Ресторанти,FALSE,"lounge, house,",Ресторанти,"София ж.к. Младост 1, бул. Йерусалим 15"
Dada Cultural Bar,Няма,Начало / Заведения / Kлубове,FALSE,Няма,Клубове и барове,"София ул. Бенковски 10"
DALI New Platinum Club,Няма,Начало / Заведения / Kлубове,TRUE,Няма,Клубове и барове,"София Шипка 6 (вход откъм СУ Климент Охридски)"
Dell' Arte,Няма,Начало / Заведения / Ресторанти,FALSE,Няма,Ресторанти,"София ул. д-р Любен Русев 6"
Delta Sky-Paramania Лететелно училище,Няма,Няма,FALSE,Няма,В движение,
Derida Dance Center,Няма,"Начало / Сцена / Театри Начало / Слово / Други места",FALSE,Няма,Други места,"София бул. Сливница 245, ет. 4"
Despark,Няма,Начало / Слово / Други места,FALSE,Няма,Други места,"София ул. Георги Бенковски 11, ет. 3"
DEVET,Няма,"Начало / Заведения / Кафетерии Начало / Заведения / Bar & Play",TRUE,Няма,Други места,"София ул. Иван Вазов 9"
Di Valli,Няма,Начало / Заведения / Ресторанти,FALSE,Няма,Ресторанти,"София ул. Оборище 23"
Didy’s сладко и солено,Няма,Начало / Заведения / Сладкарници,FALSE,Няма,Ресторанти,"София ул. Дякон Игнатий №4"
Die Alte Lampe,Няма,Начало / Заведения / Бирарии,FALSE,Няма,Ресторанти,"София ул. Котел 2, до Южен парк"
Diip Bar,Няма,Начало / Заведения / Bar & Diner,FALSE,Няма,Клубове и барове,"София ул. Леге 15А"
DIRTY Sofia,Няма,Начало / Заведения / Kлубове,FALSE,Няма,Клубове и барове,"София ул. Г. С. Раковски 113"
District Warehouse,Няма,Начало / Музика / Концертни зали,FALSE,Няма,"Галерии, музеи, зали","София ул. Веслец 84"
DJ SHOP,Няма,Няма,TRUE,Няма,В движение,"София ул. Шишман 24, (в магазин Boardshop)"
Domino`s Pizza 1,Няма,Начало / Заведения / Пицарии,FALSE,Няма,Ресторанти,"София ул. Ген. Стефан Тошев 8"
Domino`s Pizza 2,Няма,Начало / Заведения / Пицарии,FALSE,Няма,Ресторанти,"София ул. Бяла Черква 1"
Don Vito 1,Няма,Начало / Заведения / Пицарии,FALSE,Няма,Ресторанти,"София ж.к. Младост 1, до бл. 31"
Don Vito 2,Няма,Начало / Заведения / Пицарии,FALSE,Няма,Ресторанти,"София ул. Гео Милев 37А"
Don Vito 3,Няма,Начало / Заведения / Пицарии,FALSE,Няма,Ресторанти,"София бул. Цар Борис III 80"
Don Vito 4,Няма,Начало / Заведения / Пицарии,FALSE,Няма,Ресторанти,"София ул. Цар Иван Асен II 38"
Don Vito 5,Няма,Начало / Заведения / Пицарии,FALSE,Няма,Ресторанти,"София бул. Александър Пушкин 34"
Don Vito 6,Няма,Начало / Заведения / Пицарии,FALSE,Няма,Ресторанти,"София кв. Красна Поляна, бл.329"
Don Vito 7,Няма,Начало / Заведения / Пицарии,FALSE,Няма,Ресторанти,"София бул. Цар Борис III 103"
Don Vito IX,Няма,Начало / Заведения / Пицарии,TRUE,Няма,Ресторанти,"София ж.к. Младост 1, бул. Ал. Малинов 37"
Don Vito VI,Няма,Начало / Заведения / Пицарии,TRUE,Няма,Ресторанти,"София кв. Борово, бул. Солун 43"
Don Vito VIII,Няма,Начало / Заведения / Пицарии,TRUE,Няма,Ресторанти,"София ул. Уилям Гладстон 32"
Downtown,Няма,Начало / Заведения / Ресторанти,FALSE,Няма,Ресторанти,"София бул. Васил Левски 27"
Dream House,Няма,Начало / Заведения / Ресторанти,FALSE,Няма,Ресторанти,"София ул. Алабин 50А"
"Du sygne, Япония",Няма,Начало / Сцена / Театри,TRUE,Няма,Театри,
Duke Club,Няма,Начало / Заведения / Kлубове,FALSE,",",Клубове и барове,"София Борисова градина, вход от ул. Драган Цанков"
Dunkin Donuts 1,Няма,Начало / Заведения / Сладкарници,FALSE,Няма,Ресторанти,"София бул. Арсеналски 2, City Center Sofia, ет.3"
Dunkin' Donuts 2,Няма,Начало / Заведения / Сладкарници,FALSE,Няма,Ресторанти,"София бул. Патриарх Евтимий 2А"
Dunkin' Donuts 3,Няма,Начало / Заведения / Сладкарници,FALSE,Няма,Ресторанти,"София бул. Шипченски проход 7"
Dunkin' Donuts 4,Няма,Начало / Заведения / Сладкарници,FALSE,Няма,Ресторанти,"София Бизнес парк София, кино Арена Младост, ет. 2"
Dunkin' Donuts I,Няма,Начало / Заведения / Сладкарници,TRUE,Няма,Ресторанти,"София бул. Витоша 25"
E-Motion Club,Няма,"Начало / Заведения / Kлубове Начало / Заведения / Bar & Play",FALSE,Няма,Клубове и барове,"София бул. Йерусалим 1"
"Egglakecity Jimmy's, Panini & Golden eggs",Няма,Начало / Заведения / Ресторанти,TRUE,Няма,Ресторанти,"София ж.к. Младост 4, Бизнес парк София, сграда 10"
Ego,Няма,"Начало / Заведения / Kлубове Начало / Заведения / Ресторанти",TRUE,Няма,Клубове и барове,"София бул. Цар Oсвободител 12"
"Egur, Egur",Няма,Начало / Заведения / Ресторанти,FALSE,Няма,Ресторанти,"София ул. Три уши 8"
Elate Plaza Bar & Diner,"вегетарианска, европейска, интернационална, българска,",Начало / Заведения / Bar & Diner,FALSE,"поп, chillout,",Ресторанти,"София ж.к. Младост 1, на ъгъла на бул. Ал. Малинов и бул. Сахаров, зад бл.67"
Elidis,"европейска,",Начало / Заведения / Kлубове,FALSE,Няма,Клубове и барове,"София бул. Скобелев 62"
Ellinor's House,Няма,"Начало / Слово / Други места Начало / Изложби / Галерии",FALSE,Няма,"Галерии, музеи, зали","София ул. Цар Асен 33"
erte,Няма,Начало / Изложби / Галерии,TRUE,Няма,"Галерии, музеи, зали",
Escada,Няма,Начало / Заведения / Пицарии,FALSE,Няма,Ресторанти,"София ъгъла на бул. Витоша и бул. П. Евтимий"
Essence,Няма,Начало / Заведения / Kлубове,FALSE,Няма,Клубове и барове,"София бул. Александът Стамболийски 29"
Essence Center,Няма,Начало / Слово / Други места,FALSE,Няма,"Галерии, музеи, зали","София ул. 6-ти септември 37"
Este,Няма,Начало / Заведения / Ресторанти,FALSE,Няма,Ресторанти,"София ул. Николай Хайтов 3А"
Esterhasi Bar,Няма,Начало / Заведения / Ресторанти,FALSE,Няма,Ресторанти,"София бул. Цар Освободител 21"
Euro Cinema,Няма,Начало / Кино / Kино салони,FALSE,Няма,Кина,"София бул. Александър Стамболийски 17"
Evdokia Art Glass,Няма,Начало / Изложби / Галерии,FALSE,Няма,"Галерии, музеи, зали","София ул. Г. С. Раковски 120"
Everest,Няма,Начало / Заведения / Бързо хранене,FALSE,Няма,Ресторанти,"София ул. Искър 7"
Everest 2,Няма,Начало / Заведения / Бързо хранене,FALSE,Няма,Ресторанти,"София бул. Христо Смирненски 48"
Evergreen,Няма,Начало / Заведения / Ресторанти,FALSE,Няма,Ресторанти,"София Студентски град, бл. 57, вх. А"
Exe Club,Няма,Начало / Заведения / Kлубове,FALSE,Няма,Клубове и барове,"София ул. Шипка 6"
eXploring агенция за приключения,Няма,Няма,FALSE,Няма,В движение,
Extreme Bulgaria,Няма,Няма,FALSE,Няма,В движение,
Extreme клуб,Няма,Начало / Слово / Други места,TRUE,Няма,Други места,"София ул. Карнеги 10"
Fabrica 126,Няма,Няма,FALSE,Няма,Клубове и барове,
Face,Няма,Начало / Заведения / Bar & Diner,FALSE,Няма,Ресторанти,"София ул. Маджарица 57"
Faces,Няма,Начало / Заведения / Kлубове,TRUE,Няма,Клубове и барове,"София бул. Васил Левски 67"
Fame,Няма,Начало / Заведения / Ресторанти,TRUE,Няма,Ресторанти,"София бул. Патриарх Евтимий 76"
Fame,Няма,Начало / Заведения / Пицарии,FALSE,Няма,Ресторанти,"София Студентски град до бл. 12"
Fancy Center,Няма,Начало / Заведения / Ресторанти,FALSE,Няма,Ресторанти,"София бул. Цар Освободител 10"
Fancy City Center,"интернационална,",Начало / Заведения / Ресторанти,TRUE,"поп,",Ресторанти,"София City Center Sofia, бул. Арсеналски 2"
Fancy Park,Няма,Начало / Заведения / Ресторанти,FALSE,Няма,Ресторанти,"София кв. Лозенец, ул. Свети Седмочисленици 2"
Fancy The Mall,Няма,Начало / Заведения / Ресторанти,TRUE,Няма,Ресторанти,"София бул. Цариградско шосе 115, The Mall"
Farenah Concept,Няма,Начало / Изложби / Галерии,TRUE,Няма,Други места,"София бул. България 118"
Farenah Concept,Няма,Начало / Слово / Други места,TRUE,Няма,Други места,"София ул. Съборна 1А"
Farmer's,Няма,Начало / Заведения / Бързо хранене,FALSE,Няма,Ресторанти,"София ул. Цар Иван Шишман 23"
Farmer’s Гарибалди,Няма,Начало / Заведения / Ресторанти,FALSE,Няма,Ресторанти,"София площад Гарибалди"
Fibonacci Bar & Food,Няма,Начало / Заведения / Bar & Diner,FALSE,Няма,Клубове и барове,"София Братя Миладинови 12Б"
Five High Skatepark,Няма,Начало / Слово / Други места,FALSE,Няма,Други места,"София ул. Владайска река 4"
Flash билярд център,Няма,Начало / Заведения / Bar & Play,FALSE,Няма,В движение,"София бул. България 49А"
Flip Flop,Няма,Начало / Заведения / Kлубове,FALSE,Няма,Клубове и барове,"София ул. Оборище 61"
Flocafe Lounge Bar and Restaurant,Няма,Начало / Заведения / Кафетерии,TRUE,Няма,Ресторанти,"София пл. Света Неделя 3"
Flocafe Lounge Bar and Restaurant 2,Няма,"Начало / Заведения / Kлубове Начало / Заведения / Bar & Diner",TRUE,Няма,Ресторанти,"София бул. Цариградско шосе 115, The Mall"
Flowers,Няма,Начало / Заведения / Ресторанти,FALSE,Няма,Ресторанти,"София ж.к. Люлин 10, мебелен център Лабиринт, бул. Д-р Петър Дертлиев 25"
Fondente,Няма,Начало / Заведения / Bar & Diner,TRUE,Няма,Ресторанти,"София Княз Александър I 4"
Forno Cipollini,Няма,Начало / Заведения / Ресторанти,FALSE,Няма,Ресторанти,"София ул.Оборище 36А"
Franco's,Няма,Начало / Заведения / Пицарии,FALSE,Няма,Ресторанти,"София Хан Аспарух 37"
Funcity,Няма,Няма,TRUE,Няма,В движение,"София ул. Цар Калоян 8"
Funky Kitchen,Няма,Начало / Заведения / Ресторанти,TRUE,Няма,Ресторанти,"София ул. Стефан Караджа 26"
FX Cinema (София),Няма,Начало / Кино / Kино салони,TRUE,Няма,Кина,"София ул. Ангел Кънчев 5"
G-8 Cinema,Няма,"Начало / Кино / Kино салони Начало / Изложби / Галерии",FALSE,Няма,Кина,"София ул. Гладстон 8"
G.RUFF DANCE RECORDS SHOP,Няма,Няма,TRUE,Няма,В движение,"София ул.Герлово 4"
Gaba,Няма,Начало / Заведения / Kлубове,FALSE,Няма,Клубове и барове,"София ул. 6-ти Септември 44"
Galaxy Bowling Club,Няма,Начало / Заведения / Bar & Play,FALSE,Няма,В движение,"София бул. България 1"
Galera,Няма,Начало / Заведения / Ресторанти,TRUE,Няма,Ресторанти,"София ул. Асен Златаров 24"
Gallery 2.0,Няма,Начало / Изложби / Галерии,FALSE,Няма,"Галерии, музеи, зали","София ул. Шести септември 26"
Gallery No14,Няма,Начало / Изложби / Галерии,TRUE,Няма,"Галерии, музеи, зали","София ул. Д. Манов 10"
Gammallery Art Center,Няма,Начало / Изложби / Галерии,TRUE,Няма,"Галерии, музеи, зали","София бул. Евлоги Георгиев 18"
Gastrobar 6,Няма,Начало / Заведения / Бързо хранене,FALSE,Няма,Ресторанти,"София Хан Крум 6"
Gastrothèque L'Art de Vivre (временно затворен),"френска кухня,",Начало / Заведения / Ресторанти,FALSE,Няма,Ресторанти,"София бул. Патриарх Евтимий 76"
Gelateria Confetti,Няма,Начало / Заведения / Ресторанти,FALSE,Няма,Ресторанти,"София ул. Граф Игнатиев 4"
Generator,Няма,Начало / Слово / Други места,FALSE,Няма,Други места,"София бул. Черни връх 47"
Geppy,Няма,Начало / Заведения / Bar & Diner,FALSE,Няма,Ресторанти,"София ул. Акад. Борис Стефанов 13"
Gifted,Няма,"Начало / Слово / Други места Начало / Изложби / Галерии",FALSE,Няма,Други места,"София ул. Иван Денкоглу 24"
Glass Design,Няма,Начало / Изложби / Галерии,TRUE,Няма,"Галерии, музеи, зали","София кв. Манастирски ливади, бл. 66 (вход откъм бул. България)"
Globus,"европейска, интернационална, българска,",Начало / Заведения / Ресторанти,TRUE,"chillout, италианска , френска,",Ресторанти,"София кв. Иван Вазов, ул. Ярослав Вешин 48"
Gloria Mar,Няма,Начало / Заведения / Ресторанти,TRUE,Няма,Ресторанти,"София ул. Славянска 29"
Glossary Depot,Няма,Начало / Слово / Други места,FALSE,Няма,Други места,"София ул. Веслец 84"
Golden Nero,Няма,Начало / Заведения / Ресторанти,FALSE,Няма,Ресторанти,"София бул. Витоша 180"
"Gologan Productions, Великобритания",Няма,Начало / Сцена / Гостуващи театри,TRUE,Няма,Театри,
Gramophone,Няма,Начало / Заведения / Kлубове,FALSE,Няма,Клубове и барове,"София ул. Будапеща 6"
Grand Cafe,Няма,Начало / Заведения / Кафетерии,FALSE,Няма,Ресторанти,"София ул. Гурко 1, Гранд Хотел София"
Grape Central,Няма,Начало / Заведения / Ресторанти,FALSE,Няма,Ресторанти,"София ул. Цар Самуил 45"
Graphite,Няма,Начало / Заведения / Ресторанти,FALSE,Няма,Ресторанти,"София ул. Три Уши 2"
Green Deli & Bar,Няма,Начало / Заведения / Bar & Diner,FALSE,Няма,Ресторанти,"София бул. Драган Цанков 23"
Green Deli Café 1,Няма,Начало / Заведения / Кафетерии,FALSE,Няма,Ресторанти,"София бул. Черни Връх 32"
Green Deli Café 2,Няма,Начало / Заведения / Кафетерии,FALSE,Няма,Ресторанти,"София бул. Ал.Стамболийски 31"
Green Deli Café 3,Няма,Начало / Заведения / Кафетерии,FALSE,Няма,Клубове и барове,"София Бизнес парк София, сграда 5"
Green Deli Café 4,Няма,Начало / Заведения / Кафетерии,FALSE,Няма,Клубове и барове,"София Софроний Врачански 62"
GreenCat Gallery,Няма,Начало / Изложби / Галерии,TRUE,Няма,"Галерии, музеи, зали","София ул. Върбица 6"
GreenCat Gallery - Arena di Serdica Residence Hotel,Няма,Начало / Изложби / Галерии,TRUE,Няма,"Галерии, музеи, зали","София 1000 ул. Будапеща 2-4"
GreenCat Gallery - Hilton,Няма,Начало / Изложби / Галерии,TRUE,Няма,"Галерии, музеи, зали","София бул. България 1"
GreenCat Gallery - Кристал Палас Бутик Хотел,Няма,Начало / Изложби / Галерии,TRUE,Няма,"Галерии, музеи, зали","София ул. Шипка 14"
Greenville,Няма,Начало / Заведения / Ресторанти,FALSE,Няма,Ресторанти,"София ул. Атанас Дуков 36"
Grindhouse Skateclub,Няма,"Начало / Заведения / Kлубове Начало / Заведения / Bar & Play",FALSE,Няма,Клубове и барове,"София бул. Цариградско шосе 73"
GT Гент (Белгия),Няма,Начало / Сцена / Гостуващи театри,TRUE,Няма,Театри,
Gurkha,Няма,Начало / Заведения / Ресторанти,FALSE,Няма,Ресторанти,"София кв. Лозенец, ул. Цветна градина 56"
Habitat,Няма,Начало / Заведения / Kлубове,TRUE,Няма,Клубове и барове,"София ул. Стефан Караджа 26"
Hacienda Club,Няма,Начало / Заведения / Kлубове,FALSE,Няма,Клубове и барове,"София пл. Народно събрание №3"
Haiku Sushi,Няма,Начало / Заведения / Ресторанти,FALSE,Няма,Ресторанти,"София Лозенец, Св. Теодосий Търновски 60"
Hamachi,Няма,Начало / Заведения / Ресторанти,TRUE,Няма,Ресторанти,"София кв. Лозенец, ул. Орфей 3"
Hamachi-ni,"интернационална, японска, суши,",Начало / Заведения / Ресторанти,FALSE,Няма,Ресторанти,"София Г.С.Раковски 179"
Happy Bar & Grill 5,Няма,Начало / Заведения / Ресторанти,TRUE,Няма,Ресторанти,"София магистрала Тракия, 1-ви километър"
Happy Mall Sofia,"интернационална,",Начало / Заведения / Ресторанти,FALSE,Няма,Ресторанти,"София бул. Ал. Стамболийски 101"
Happy Paradise,Няма,Начало / Заведения / Ресторанти,FALSE,Няма,Ресторанти,"София Paradise Center, ет. 2, Бул. Черни връх 100"
Happy South Park,Няма,Начало / Заведения / Ресторанти,FALSE,Няма,Ресторанти,"София ул. Богатица 36"
Happy Sushi,Няма,Начало / Заведения / Ресторанти,TRUE,Няма,Ресторанти,"София бул. Г.С. Раковски 96"
Happy Sushi Карфур,Няма,Начало / Заведения / Ресторанти,FALSE,Няма,Ресторанти,"София The Mall, бул. Цариградско шосе 115"
Happy Sushi Кемпински,Няма,Начало / Заведения / Ресторанти,FALSE,Няма,Ресторанти,"София Бул. Джеймс Баучер 100"
Happy Аско Деница,"интернационална,",Начало / Заведения / Ресторанти,FALSE,Няма,Ресторанти,"София кв. Младост 3, комплекс Нова Деница"
Happy Будапеща,"интернационална,",Начало / Заведения / Ресторанти,FALSE,Няма,Ресторанти,"София ул. Раковски 145"
Happy Бъкстон,Няма,Начало / Заведения / Ресторанти,FALSE,Няма,Ресторанти,"София бул. Тодор Каблешков 53"
Happy Виктория,"средиземноморска,",Начало / Заведения / Ресторанти,FALSE,Няма,Ресторанти,"София бул. Пенчо Славейков 12-14"
Happy Люлин,Няма,Начало / Заведения / Ресторанти,FALSE,Няма,Ресторанти,"София Бул. Джавахарлал Неру 6"
Happy Рубин,"интернационална,",Начало / Заведения / Ресторанти,FALSE,Няма,Ресторанти,"София пл. Св. Неделя 4"
Hasienda,Няма,Начало / Заведения / Ресторанти,FALSE,Няма,Ресторанти,"София бул. Цар Борис III 94"
Havana Cigar & Piano Bar,Няма,Начало / Заведения / Kлубове,FALSE,Няма,Клубове и барове,"София бул. Витоша 27"
Heart Gallery,Няма,Начало / Изложби / Галерии,FALSE,Няма,"Галерии, музеи, зали","София бул. Витоша 124"
HebrosArt Club Gallery,Няма,Начало / Изложби / Галерии,TRUE,Няма,"Галерии, музеи, зали","София бул. Цариградско шосе 149, х-л Expo"
Hedon,Няма,Начало / Заведения / Ресторанти,TRUE,Няма,Ресторанти,"София бул. България 56А"
Hedon,"европейска,",Начало / Заведения / Kлубове,FALSE,Няма,Клубове и барове,"София бул. България 56А"
Hill Hotel,Няма,Начало / Слово / Други места,FALSE,Няма,Други места,"София бул. Джейвс Баучер 76Б"
Hilton Hotel,Няма,Начало / Слово / Други места,FALSE,Няма,Други места,
Hilton Hotel,Няма,Начало / Слово / Други места,FALSE,Няма,Други места,"София бул. България 1"
Hip Hip Atelier,Няма,Начало / Слово / Други места,FALSE,Няма,Други места,"София ул. Княз Борис I 166"
Hip Hip Library & Bar,Няма,Начало / Заведения / Bar & Diner,FALSE,Няма,Клубове и барове,"София ул. Кърниградска 2"
Homo adventuricus,Няма,Няма,FALSE,Няма,В движение,
Hot Spot Books&Art,Няма,Начало / Слово / Други места,FALSE,Няма,Други места,
Hotel Expo,Няма,Начало / Слово / Други места,FALSE,Няма,Други места,
Human Think/gs,Няма,Начало / Изложби / Галерии,FALSE,Няма,"Галерии, музеи, зали","София ул. Веслец 40"
Hunt,Няма,Начало / Заведения / Kлубове,TRUE,Няма,Клубове и барове,"София пл. България 1"
I AM STUDIO,Няма,Начало / Сцена / Театри,FALSE,Няма,Други места,"София ул. Раковска 149"
Ice Park Nescafe 3 in 1,Няма,Няма,TRUE,Няма,В движение,"София Английска градина зад НДК"
ID Club,Няма,Начало / Заведения / Kлубове,FALSE,Няма,Клубове и барове,"София ул. Кърниградска 19Б"
Igloo,Няма,Начало / Заведения / Kлубове,TRUE,Няма,Клубове и барове,"София ул. Гургулят 27"
III етаж,Няма,Начало / Заведения / Bar & Diner,FALSE,Няма,Клубове и барове,"София 1220 Бул. Ломско шосе 2А"
III етаж bar & dinner,Няма,Начало / Заведения / Bar & Diner,FALSE,Няма,Ресторанти,"София бул. Ломско шосе, 2А"
Il Forno,Няма,Начало / Заведения / Пицарии,FALSE,Няма,Ресторанти,"София ул. Стефан Тошев 1А"
Il Giardino,Няма,Начало / Заведения / Ресторанти,FALSE,Няма,Ресторанти,"София ул. Невестина скала 16"
Il Mondo,Няма,Начало / Заведения / Bar & Diner,FALSE,Няма,Клубове и барове,"София ул. Леге 15"
Il Picco Sasso,Няма,Начало / Заведения / Ресторанти,TRUE,Няма,Ресторанти,"София бул. Витоша 150, блок 70"
Independent Studio Tattoo Shop & Gallery,Няма,Начало / Слово / Други места,FALSE,Няма,Други места,"София ул. Цар Иван Шишман 38"
Infinity,Няма,Начало / Заведения / Ресторанти,FALSE,Няма,Ресторанти,"София кв. Манастирски ливади, бул. България, кв. Бокар 27"
Ink Bar,Няма,Начало / Заведения / Kлубове,FALSE,Няма,Клубове и барове,"София ул. 6-ти септември 55"
Intrigue,Няма,Начало / Заведения / Bar & Diner,FALSE,Няма,Ресторанти,"София бул. Витоша 102"
Intro,Няма,Начало / Изложби / Галерии,FALSE,Няма,"Галерии, музеи, зали","София ул. Цар Самуил 28"
Irish Harp,Няма,"Начало / Заведения / Ирландски кръчми Начало / Заведения / Бирарии",FALSE,Няма,Клубове и барове,"София ул. Света София 7"
J.J. Murphy’s – 48 Shipka str.,Няма,Начало / Заведения / Бирарии,FALSE,Няма,Клубове и барове,"София Шипка 48"
J.J.Murphy&Co's,Няма,Начало / Заведения / Бирарии,FALSE,Няма,Клубове и барове,"София ул. Кърниградска 6"
Jasmine,Няма,Начало / Заведения / Bar & Diner,FALSE,Няма,Ресторанти,"София Раковски 114"
Jim Beam Club Center,Няма,Начало / Заведения / Kлубове,TRUE,Няма,Клубове и барове,"София бул. Витоша 31-33"
Jim Beam Club Студентски град,Няма,Начало / Заведения / Kлубове,TRUE,"поп, dance, ретро, house,",Клубове и барове,"София Студентски град, ул. Атанас Манчев 3"
Jimmy's & Panini 2,Няма,Начало / Заведения / Сладкарници,FALSE,Няма,Ресторанти,"София Кино Арена, бул. Тодор Александров 64, 2-ри етаж"
Jimmy's & Panini 3,Няма,Начало / Заведения / Сладкарници,FALSE,Няма,Ресторанти,"София ул. Шипка 18"
Jimmy's 1,Няма,Начало / Заведения / Сладкарници,FALSE,Няма,Ресторанти,"София ул. Ангел Кънчев 11"